{
  "level":{
    "properties":{
      "tutorial": false,
      "storm":true,
      "name":"DONT GET DIZZY"
    },
    "size":{"x":0,"y":0},
    "player":{"x":0,"y":0},
    "cores":[
      { "x":0,"y":0,"type":"small","properties":{
        "start":{ "angle":270 } }
      },
      { "x":4,"y":0,"type":"medium","properties":{},
        "orbitals":[
          { "type":"generic","angle":0,"speed":0,  "direction":1 },
          { "type":"generic","angle":60,"speed":0, "direction":1 },
          { "type":"generic","angle":120,"speed":0,"direction":1 },
          { "type":"generic","angle":180,"speed":0,"direction":1 },
          { "type":"generic","angle":240,"speed":0,"direction":1 },
          { "type":"generic","angle":300,"speed":0,"direction":1 }
        ],
        "items":[
          { "type":"generic","angle":0,"id":1},
          { "type":"generic","angle":90,"id":1},
          { "type":"generic","angle":180,"id":1},
          { "type":"generic","angle":270,"id":1}
        ]
      },
      { "x":4,"y":5,"type":"medium","properties":{},
        "orbitals":[
          { "type":"generic","angle":0,"speed":0,  "direction":-1 },
          { "type":"generic","angle":60,"speed":0, "direction":-1 },
          { "type":"generic","angle":120,"speed":0,"direction":-1 },
          { "type":"generic","angle":180,"speed":0,"direction":-1 },
          { "type":"generic","angle":240,"speed":0,"direction":-1 },
          { "type":"generic","angle":300,"speed":0,"direction":-1 }
        ],
        "items":[
          { "type":"generic","angle":0,"id":1},
          { "type":"generic","angle":90,"id":1},
          { "type":"generic","angle":180,"id":1},
          { "type":"generic","angle":270,"id":1}
        ]
      },
      { "x":8,"y":5,"type":"small","properties":{
        "end":{
          "angle":90, "items":["1","2","3"] }
        }
      }

    ]
  }
}
