{
  "level":{
    "properties":{
      "tutorial": false,
      "storm":true,
      "name":"COLLECT EM ALL"
    },
    "size":{"x":0,"y":0},
    "player":{"x":0,"y":0},
    "cores":[
      { "x":0,"y":0,"type":"small", "properties":{ "start":{ "angle":270 } } },
      { "x":-3,"y":0,"type":"small", "properties":{},
        "items":[ { "type":"generic","angle":180,"id":1} ],
        "orbitals":[
            { "type":"generic","angle":0,"speed":0,"direction":-1 },
            { "type":"generic","angle":60,"speed":0,"direction":-1 },
            { "type":"generic","angle":120,"speed":0,"direction":-1 },
            { "type":"generic","angle":180,"speed":0,"direction":-1 },
            { "type":"generic","angle":240,"speed":0,"direction":-1 },
            { "type":"generic","angle":300,"speed":0,"direction":-1 }
        ]
      },
      { "x": 3,"y":0,"type":"small", "properties":{} ,
        "items":[ { "type":"generic","angle":0,"id":2} ],
        "orbitals":[
            { "type":"generic","angle":0,"speed":0,"direction":-1 },
            { "type":"generic","angle":60,"speed":0,"direction":-1 },
            { "type":"generic","angle":120,"speed":0,"direction":-1 },
            { "type":"generic","angle":180,"speed":0,"direction":-1 },
            { "type":"generic","angle":240,"speed":0,"direction":-1 },
            { "type":"generic","angle":300,"speed":0,"direction":-1 }
        ]
      },
      { "x": 0,"y":3,"type":"small", "properties":{ "end":{ "angle":90 } } ,
        "items":[
          { "type":"generic","angle":0,"id":3 },
          { "type":"generic","angle":180,"id":4 }
        ],
        "orbitals":[
          { "type":"teleporting","angle":0,"timeout":1000,"speed":0,"direction":-1,
            "teleports": [ 0 , 180 ] },
          { "type":"teleporting","angle":60,"timeout":1000,"speed":0,"direction":-1,
            "teleports": [ 60 , 240 ] },
          { "type":"teleporting","angle":300,"timeout":1000,"speed":0,"direction":-1,
            "teleports": [ 300 , 130 ] }
        ]
      }
    ]
  }
}
