{
  "level":{
    "properties":{
      "tutorial": false,
      "storm":true,
      "name":"DONT GET DIZZY"
    },
    "size":{"x":0,"y":0},
    "player":{"x":0,"y":0},
    "cores":[
      { "x":0,"y":0,"type":"small", "properties":{ "start":{ "angle":270 } } },
      { "x": 0,"y":3,"type":"small", "properties":{} },
      { "x": -3,"y":3,"type":"small", "properties":{},
        "orbitals":[
          { "type":"generic","angle":0,"speed":0,"direction":-1 },
          { "type":"generic","angle":60,"speed":0,"direction":-1 },
          { "type":"generic","angle":120,"speed":0,"direction":-1 },
          { "type":"generic","angle":180,"speed":0,"direction":-1 },
          { "type":"generic","angle":240,"speed":0,"direction":-1 },
          { "type":"generic","angle":300,"speed":0,"direction":-1 }
        ]
       },
      { "x": -3,"y":0,"type":"small", "properties":{ },
        "orbitals":[
          { "type":"static","angle":350,"speed":0,"direction":-1 },
          { "type":"static","angle":0,"speed":0,"direction":-1 },
          { "type":"static","angle":10,"speed":0,"direction":-1 }
        ]
      },
      { "x": -3,"y":-3,"type":"small", "properties":{ } ,
        "orbitals":[
          { "type":"generic","angle":0,"speed":0,"direction":-1 },
          { "type":"generic","angle":60,"speed":0,"direction":-1 },
          { "type":"generic","angle":120,"speed":0,"direction":-1 },
          { "type":"generic","angle":180,"speed":0,"direction":-1 },
          { "type":"generic","angle":240,"speed":0,"direction":-1 },
          { "type":"generic","angle":300,"speed":0,"direction":-1 }
        ]
       },
      { "x": 0,"y":-3,"type":"small", "properties":{ },
        "orbitals":[
          { "type":"static","angle":80,"speed":0,"direction":-1 },
          { "type":"static","angle":90,"speed":0,"direction":-1 },
          { "type":"static","angle":100,"speed":0,"direction":-1 }
        ]
      },
      { "x": 3,"y":-3,"type":"small", "properties":{ } ,
        "orbitals":[
          { "type":"generic","angle":0,"speed":0,"direction":-1 },
          { "type":"generic","angle":60,"speed":0,"direction":-1 },
          { "type":"generic","angle":120,"speed":0,"direction":-1 },
          { "type":"generic","angle":180,"speed":0,"direction":-1 },
          { "type":"generic","angle":240,"speed":0,"direction":-1 },
          { "type":"generic","angle":300,"speed":0,"direction":-1 }
        ]
       },
      { "x": 3,"y":0,"type":"small", "properties":{ },
        "orbitals":[
          { "type":"static","angle":170,"speed":0,"direction":-1 },
          { "type":"static","angle":180,"speed":0,"direction":-1 },
          { "type":"static","angle":190,"speed":0,"direction":-1 }
        ]
      },
      { "x": 3,"y":3,"type":"small", "properties":{ "end":{ "angle":90 } },
        "orbitals":[
          { "type":"static","angle":170,"speed":0,"direction":-1 },
          { "type":"static","angle":180,"speed":0,"direction":-1 },
          { "type":"static","angle":190,"speed":0,"direction":-1 },
          { "type":"generic","angle":0,  "speed":0,"direction":1 },
          { "type":"generic","angle":60, "speed":0,"direction":1 },
          { "type":"generic","angle":120,"speed":0,"direction":1 },
          { "type":"generic","angle":180,"speed":0,"direction":1 },
          { "type":"generic","angle":240,"speed":0,"direction":1 },
          { "type":"generic","angle":300,"speed":0,"direction":1 }
        ]
      }
    ]
  }
}
