{
  "level":{
    "properties":{
      "tutorial": false,
      "storm":true,
      "name":"NO RUSH"
    },
    "size":{"x":0,"y":0},
    "player":{"x":0,"y":0},
    "cores":[
      { "x":0,"y":0,"type":"small", "properties":{ "start":{ "angle":270 }, "end":{ "angle":90 } },
        "items":[
          { "type":"generic","angle":315,"id":1 },
          { "type":"generic","angle":45,"id":2 }
        ]
      },
      { "x": 5,"y":0,"type":"large", "properties":{},
        "orbitals":[
          { "type":"oscillating","angle":350,"goal":210,"speed":0,"direction":-1 },
          { "type":"oscillating","angle":270,"goal":180,"speed":0,"direction":-1 },
          { "type":"oscillating","angle":10,"goal":150,"speed":0,"direction":1 },
          { "type":"oscillating","angle":90,"goal":180,"speed":0,"direction":1 }
        ],
        "items":[
          { "type":"generic","angle":240,"id":3 },
          { "type":"generic","angle":210,"id":3 },
          { "type":"generic","angle":180,"id":3 },
          { "type":"generic","angle":150,"id":3 },
          { "type":"generic","angle":130,"id":4 }
        ]
      },
      { "x": -5,"y":0,"type":"large", "properties":{},
        "orbitals":[
          { "type":"generic","angle":0,"speed":0,"direction":-1 },
          { "type":"generic","angle":30,"speed":0,"direction":-1 },
          { "type":"generic","angle":60,"speed":0,"direction":-1 },
          { "type":"generic","angle":90,"speed":0,"direction":-1 },
          { "type":"generic","angle":120,"speed":0,"direction":-1 },
          { "type":"generic","angle":150,"speed":0,"direction":-1 },
          { "type":"generic","angle":180,"speed":0,"direction":-1 },
          { "type":"generic","angle":210,"speed":0,"direction":-1 },
          { "type":"generic","angle":240,"speed":0,"direction":-1 },
          { "type":"generic","angle":270,"speed":0,"direction":-1 },
          { "type":"generic","angle":300,"speed":0,"direction":-1 },
          { "type":"generic","angle":330,"speed":0,"direction":-1 }
        ],
        "items":[
          { "type":"generic","angle":330,"id":5 },
          { "type":"generic","angle":300,"id":5 },
          { "type":"generic","angle":270,"id":6 },
          { "type":"generic","angle":240,"id":6 },
          { "type":"generic","angle":210,"id":6 },
          { "type":"generic","angle":180,"id":6 },
          { "type":"generic","angle":150,"id":6 },
          { "type":"generic","angle":120,"id":6 },
          { "type":"generic","angle":90,"id":6 },
          { "type":"generic","angle":60,"id":6 },
          { "type":"generic","angle":30,"id":6 }
        ]
       }
    ]
  }
}
