{
  "level":{
    "properties":{
      "tutorial": false,
      "storm":true,
      "name":"STAY CALM"
    },
    "size":{"x":0,"y":0},
    "player":{"x":0,"y":0},
    "cores":[
      { "x":0,"y":0,"type":"small", "properties":{ "start":{ "angle":270 }, "end":{ "angle":90 } },
       "items":[
         { "type":"generic","angle":0,"id":5 },
         { "type":"generic","angle":180,"id":5 }
       ]
      },
      { "x":-5,"y":5,"type":"small", "properties":{ },
        "items":[
          { "type":"generic","angle":180,"id":5 }
        ],
        "orbitals":[
          { "type":"teleporting","angle":60, "timeout":1000,"speed":0,"direction":-1,"teleports": [ 60 , 240  ] },
          { "type":"teleporting","angle":300,"timeout":1000,"speed":0,"direction":-1,"teleports": [ 300 , 130 ] }
        ]
      },
      { "x":5,"y":5,"type":"small", "properties":{ },
        "items":[
          { "type":"generic","angle":0,"id":5 }
        ],
        "orbitals":[
          { "type":"teleporting","angle":60, "timeout":1000,"speed":0,"direction":-1,"teleports": [ 60 , 240  ] },
          { "type":"teleporting","angle":300,"timeout":1000,"speed":0,"direction":-1,"teleports": [ 300 , 130 ] }
        ]
      },
      { "x":-5,"y":12,"type":"small", "properties":{ },
        "items":[
          { "type":"generic","angle":180,"id":5 }
        ],
        "orbitals":[
          { "type":"teleporting","angle":60, "timeout":1000,"speed":0,"direction":-1,"teleports": [ 60 , 240  ] },
          { "type":"teleporting","angle":300,"timeout":1000,"speed":0,"direction":-1,"teleports": [ 300 , 130 ] }
        ]
      },
      { "x":5,"y":12,"type":"small", "properties":{ },
        "items":[
          { "type":"generic","angle":0,"id":5 }
        ],
        "orbitals":[
          { "type":"teleporting","angle":60, "timeout":1000,"speed":0,"direction":-1,"teleports": [ 60 , 240  ] },
          { "type":"teleporting","angle":300,"timeout":1000,"speed":0,"direction":-1,"teleports": [ 300 , 130 ] }
        ]
      },
      { "x":0,"y":17,"type":"small", "properties":{ },
        "items":[
          { "type":"generic","angle":0,"id":5 },
          { "type":"generic","angle":90,"id":5 },
          { "type":"generic","angle":180,"id":5 }
        ]
      },
      { "x":0,"y":5, "type":"large", "properties":{ },
        "orbitals":[
          { "type":"generic","angle":0,  "speed":0,"direction":1 },
          { "type":"generic","angle":30,  "speed":0,"direction":1 },
          { "type":"generic","angle":60, "speed":0,"direction":1 },
          { "type":"generic","angle":90, "speed":0,"direction":1 },
          { "type":"generic","angle":120,"speed":0,"direction":1 },
          { "type":"generic","angle":150,"speed":0,"direction":1 },
          { "type":"generic","angle":180,"speed":0,"direction":1 },
          { "type":"generic","angle":210,"speed":0,"direction":1 },
          { "type":"generic","angle":240,"speed":0,"direction":1 },
          { "type":"generic","angle":270,"speed":0,"direction":1 },
          { "type":"generic","angle":300,"speed":0,"direction":1 },
          { "type":"generic","angle":330,"speed":0,"direction":1 },
          { "type":"oscillating","angle":260,"goal":350,"speed":0,"direction":1 },
          { "type":"oscillating","angle":100,"goal":10,"speed":0,"direction":-1 },
          { "type":"oscillating","angle":260,"goal":160,"speed":0,"direction":-1 }
        ]
      },
      { "x":0,"y":12,"type":"large", "properties":{ },
        "orbitals":[
          { "type":"generic","angle":0,  "speed":0,"direction":1 },
          { "type":"generic","angle":60, "speed":0,"direction":1 },
          { "type":"generic","angle":120,"speed":0,"direction":1 },
          { "type":"generic","angle":180,"speed":0,"direction":1 },
          { "type":"generic","angle":240,"speed":0,"direction":1 },
          { "type":"generic","angle":300,"speed":0,"direction":1 },
          { "type":"oscillating","angle":260,"goal":350,"speed":0,"direction":1 },
          { "type":"oscillating","angle":100,"goal":10,"speed":0,"direction":-1 },
          { "type":"oscillating","angle":260,"goal":160,"speed":0,"direction":-1 }
        ]
      }
    ]
  }
}
