{
  "level":{
    "properties":{
      "tutorial": true,
      "storm":false,
      "name":"RED MEANS DANGER"
    },
    "size":{
      "x":100,
      "y":50
    },
    "player":{
      "x":10,
      "y":25
    },
    "cores":[
      { "x":0,"y":0,"type":"small","properties":{
        "start":{ "angle":270 } }
      },
      { "x":0,"y":3,"type":"small","properties":{},
        "orbitals":[
          { "type":"generic","angle":0,"speed":0,"direction":-1 },
          { "type":"generic","angle":60,"speed":0,"direction":-1 },
          { "type":"generic","angle":120,"speed":0,"direction":-1 },
          { "type":"generic","angle":180,"speed":0,"direction":-1 },
          { "type":"generic","angle":240,"speed":0,"direction":-1 },
          { "type":"generic","angle":300,"speed":0,"direction":-1 }
        ]
      },
      { "x":0,"y":6,"type":"small","properties":{
        "end":{ "angle":90 } }
      }
    ]
  }
}
