{
  "level":{
    "properties":{
      "tutorial": false,
      "storm":false,
      "name":"YOU'LL GET IT"
    },
    "size":{"x":0,"y":0},
    "player":{"x":0,"y":0},
    "cores":[
      { "x":0,"y":0,"type":"small",
        "properties":{
          "start":{ "angle":270 },
          "end":{ "angle":90 }
        },
        "orbitals":[
          { "type":"static","angle":240,"speed":0,"direction":-1 },
          { "type":"static","angle":210,"speed":0,"direction":-1 },
          { "type":"static","angle":180,"speed":0,"direction":-1 },
          { "type":"static","angle":150,"speed":0,"direction":-1 },
          { "type":"static","angle":120,"speed":0,"direction":-1 }
        ],
        "items":[
          { "type":"generic","angle":330,"id":1},
          { "type":"generic","angle":0,"id":2},
          { "type":"generic","angle":30,"id":3}
        ]
      }
    ]
  }
}
